site,data_source,data_source_time,audit_time,corrected
PSP,envidas,2018-10-01 14:13,2018-10-01 14:12,
PSP,ultrafine,2018-10-01 14:16,2018-10-01 14:15,
PSP,envidas,2018-11-01 09:46,2018-11-01 09:45,
PSP,ultrafine,2018-11-01 09:49,2018-11-01 09:52,
PSP,envidas,2019-01-04 14:54,2019-01-04 14:55,
PSP,ultrafine,2019-01-04 14:59,2019-01-04 14:59,
PSP,envidas,2019-02-01 12:59,2019-02-01 12:58,
PSP,ultrafine,2019-02-01 13:05,2019-02-01 13:06,
PSP,envidas,2019-03-01 14:30,2019-03-01 14:28,
PSP,ultrafine,2019-03-01 14:33,2019-03-01 14:34,
PSP,envidas,2019-04-01 10:27,2019-04-01 10:25,TRUE
PSP,ultrafine,2019-04-01 10:28,2019-04-01 10:32,TRUE
